fecha_extraccion,categoria,precio_lista_crc,precio_oferta_crc,descuento_pct,presentacion_ml,precio_final_crc,producto,retailer,precio_equivalente_750ml_crc,segmento_precio,tipo_cambio_compra_usd,tipo_cambio_venta_usd
2026-09-13,Vino blanco,8.3102,,0,750.0,8.3102,vino blanco fantini terre siciliante pinot grigio - 750 ml patrocinado,masxmenos costa rica,8.31,,,
2026-09-13,Vino tinto,4.6502,,0,750.0,4.6502,vino clos dp cabernet tinto sauvignon - 2000ml vendido por walmart patrocinado,walmart costa rica,4.65,,,
2026-09-11,Vino blanco,8.3102,,0,750.0,8.3102,vino blanco fantini terre siciliante pinot grigio - 750 ml patrocinado,masxmenos costa rica,8.31,,,
2026-09-12,Vino tinto,4.6502,,0,750.0,4.6502,vino clos dp cabernet tinto sauvignon - 2000ml vendido por walmart patrocinado,walmart costa rica,4.65,,,
2026-09-15,Vino blanco,8.3102,,0,1000.0,8.3102,vino clos de pirque blanco - 1000ml patrocinado,masxmenos costa rica,6.23,,,
2026-09-15,Vino tinto,4.6502,,0,750.0,4.6502,vino frontera frutal tinto de verano manzana naranja - 750 ml vendido por walmart patrocinado,walmart costa rica,4.65,,,
2026-09-12,Vino blanco,8.3102,,0,750.0,8.3102,vino blanco fantini terre siciliante pinot grigio - 750 ml patrocinado,masxmenos costa rica,8.31,,,
2026-09-14,Vino blanco,8.3102,,0,1000.0,8.3102,vino clos de pirque blanco - 1000ml patrocinado,masxmenos costa rica,6.23,,,
2026-09-15,Vino rosado,12.7002,,0,750.0,12.7002,"vino rosado freixenet, ice rose -750 ml patrocinado",masxmenos costa rica,12.7,,,
2026-09-14,Vino tinto,4.6502,,0,750.0,4.6502,vino clos dp cabernet tinto sauvignon - 2000ml vendido por walmart patrocinado,walmart costa rica,4.65,,,
2026-09-16,Vino rosado,11.2002,,0,750.0,11.2002,vino laudum chardonnay - 750 ml patrocinado,masxmenos costa rica,11.2,económico,444.46,449.49
2026-09-16,Vino blanco,8.3102,,0,1000.0,8.3102,vino clos de pirque blanco - 1000ml patrocinado,masxmenos costa rica,6.23,económico,444.46,449.49
2026-09-18,Vino blanco,8.3102,,0,1000.0,8.3102,vino clos de pirque blanco - 1000ml patrocinado,masxmenos costa rica,6.23,económico,443.43,448.21
2026-09-17,Vino rosado,11.2002,,0,750.0,11.2002,vino laudum chardonnay - 750 ml patrocinado,masxmenos costa rica,11.2,económico,444.46,449.49
2026-09-18,Vino tinto,4.6502,,0,750.0,4.6502,vino clos dp cabernet tinto sauvignon - 2000ml vendido por walmart patrocinado,walmart costa rica,4.65,económico,443.43,448.21
2026-09-17,Vino blanco,8.3102,,0,1000.0,8.3102,vino clos de pirque blanco - 1000ml patrocinado,masxmenos costa rica,6.23,económico,444.46,449.49
2026-09-19,Vino blanco,8.3102,,0,1000.0,8.3102,vino clos de pirque blanco - 1000ml patrocinado,masxmenos costa rica,6.23,económico,443.2,448.32
2026-09-19,Vino rosado,12.7002,,0,2250.0,12.7002,vino rosado trapiche vino trapiche malbec 3x 2250 ml patrocinado,masxmenos costa rica,4.23,económico,443.2,448.32
2026-09-20,Vino blanco,8.3102,,0,1000.0,8.3102,vino clos de pirque blanco - 1000ml patrocinado,masxmenos costa rica,6.23,económico,443.27,449.24
2026-09-20,Vino rosado,12.7002,,0,750.0,12.7002,vino rosado ijalba rioja eco -750ml patrocinado,masxmenos costa rica,12.7,económico,443.27,449.24
2026-09-21,Vino blanco,8.3102,,0,1000.0,8.3102,vino clos de pirque blanco - 1000ml patrocinado,masxmenos costa rica,6.23,económico,443.27,449.24
2026-09-22,Vino tinto,4.6502,,0,750.0,4.6502,vino frontera frutal tinto de verano manzana naranja - 750 ml vendido por walmart patrocinado,walmart costa rica,4.65,económico,443.27,449.24
2026-09-22,Vino blanco,8.3102,,0,1000.0,8.3102,vino clos de pirque blanco - 1000ml patrocinado,masxmenos costa rica,6.23,económico,443.27,449.24
2026-09-22,Vinos general,4.7402,,0,750.0,4.7402,vino mr wild chardonnay 750 ml vendido por walmart patrocinado,walmart costa rica,4.74,económico,443.27,449.24
2026-09-22,Vino rosado,12.7002,,0,750.0,12.7002,vino rosado ijalba rioja eco -750ml patrocinado,masxmenos costa rica,12.7,económico,443.27,449.24
2026-09-23,Vinos general,4.7402,,0,750.0,4.7402,vino mr wild chardonnay 750 ml vendido por walmart patrocinado,walmart costa rica,4.74,económico,445.27,450.0
2026-09-23,Vino tinto,4.6502,,0,750.0,4.6502,vino frontera frutal tinto de verano manzana naranja - 750 ml vendido por walmart patrocinado,walmart costa rica,4.65,económico,445.27,450.0
2026-09-23,Vino blanco,8.3102,,0,1000.0,8.3102,vino clos de pirque blanco - 1000ml patrocinado,masxmenos costa rica,6.23,económico,445.27,450.0
2026-09-24,Vinos general,4.7402,,0,750.0,4.7402,vino mr wild chardonnay 750 ml vendido por walmart patrocinado,walmart costa rica,4.74,económico,447.19,451.86
2026-09-24,Vino blanco,8.3102,,0,1000.0,8.3102,vino clos de pirque blanco - 1000ml patrocinado,masxmenos costa rica,6.23,económico,447.19,451.86
2026-09-25,Vinos general,4.7402,,0,750.0,4.7402,vino mr wild chardonnay 750 ml vendido por walmart patrocinado,walmart costa rica,4.74,económico,450.75,453.98
2026-09-25,Vino blanco,8.3102,,0,1000.0,8.3102,vino clos de pirque blanco - 1000ml patrocinado,masxmenos costa rica,6.23,económico,450.75,453.98
2026-09-26,Vinos general,4.7402,,0,750.0,4.7402,vino mr wild chardonnay 750 ml vendido por walmart patrocinado,walmart costa rica,4.74,económico,450.87,454.15
2026-09-26,Vino blanco,8.3102,,0,1000.0,8.3102,vino clos de pirque blanco - 1000ml patrocinado,masxmenos costa rica,6.23,económico,450.87,454.15
2026-09-26,Vino rosado,12.7002,,0,750.0,12.7002,vino les jamelles petite rosado - 750 ml patrocinado,masxmenos costa rica,12.7,económico,450.87,454.15
2026-09-27,Vino blanco,8.3102,,0,1000.0,8.3102,vino clos de pirque blanco - 1000ml patrocinado,masxmenos costa rica,6.23,económico,450.38,455.6
2026-09-27,Vinos general,4.7402,,0,750.0,4.7402,vino mr wild chardonnay 750 ml vendido por walmart patrocinado,walmart costa rica,4.74,económico,450.38,455.6
2026-09-27,Vino rosado,12.7002,,0,750.0,12.7002,vino rosado ijalba rioja eco -750ml patrocinado,masxmenos costa rica,12.7,económico,450.38,455.6
2026-09-27,Vino rosado,11.2002,,0,750.0,11.2002,vino làudum gran reserva - 750 ml patrocinado,masxmenos costa rica,11.2,económico,450.38,455.6
2026-09-28,Vino tinto,4.6502,,0,750.0,4.6502,vino clos dp cabernet tinto sauvignon - 2000ml vendido por walmart patrocinado,walmart costa rica,4.65,económico,450.38,455.6
2026-09-28,Vinos general,4.7402,,0,750.0,4.7402,vino tinto santa rita 120 carmenere - 750ml vendido por walmart patrocinado,walmart costa rica,4.74,económico,450.38,455.6
2026-09-28,Vino blanco,8.3102,,0,1000.0,8.3102,vino clos de pirque blanco - 1000ml patrocinado,masxmenos costa rica,6.23,económico,450.38,455.6
2026-09-29,Vino tinto,4.6502,,0,750.0,4.6502,vino tinto finca las moras malbec con 13.5% vol - 750 ml vendido por walmart patrocinado,walmart costa rica,4.65,económico,450.38,455.6
2026-09-29,Vinos general,4.7402,,0,750.0,4.7402,vino mr wild chardonnay 750 ml vendido por walmart patrocinado,walmart costa rica,4.74,económico,450.38,455.6
2026-09-29,Vino blanco,8.3102,,0,1000.0,8.3102,vino clos de pirque blanco - 1000ml patrocinado,masxmenos costa rica,6.23,económico,450.38,455.6
2026-09-29,Vino rosado,12.7002,,0,750.0,12.7002,vino rose carnivor apothic - 750 ml patrocinado,masxmenos costa rica,12.7,económico,450.38,455.6
