producto,mediana_precio,mediana_presentacion,observaciones,categoria,cluster
2 pack sangria peñasol tinta -1000ml,3487.5,1000.0,14,Vino tinto,1
2 pack sangría don simon -3000ml,1627.5,3000.0,8,Vino tinto,1
alamos vino tinto malbec 750 ml,7495.0,750.0,17,Vino tinto,0
apothic vino tinto 750 ml / 25.4 oz,9495.0,750.0,17,Vino tinto,0
arrogant frog pinot noir vino tinto 750 ml,7795.0,750.0,4,Vino tinto,0
arrogant frog vino rosado 750 ml,8495.0,750.0,4,Vino rosado,0
arrogante frog cabernet sauvignon merlot vino tinto 750 ml,4970.0,750.0,15,Vino tinto,0
astoria prosecco rosé vino rosado 750 ml / 25.4 oz,5795.0,750.0,17,Vino rosado,0
baron philippe de rothschild vino tinto cabernet sauvignon 750 ml / 25.36 oz,9295.0,750.0,17,Vino tinto,0
bin 27 vino tinto reserve port fonseca 750 ml / 25.36 oz,14295.0,750.0,17,Vino tinto,0
caliterra reserva vino tinto cabernet sauvignon 750 ml,6495.0,750.0,17,Vino tinto,0
calvet rose d'anjou vino rosado 750 ml / 25.4 oz,7495.01,750.0,14,Vino rosado,0
campo viejo vino tinto reserva 750 ml,14995.0,750.0,17,Vino tinto,0
cantina fiorentino primitivo salento vino tinto 750 ml,9795.0,750.0,17,Vino tinto,0
carlo rossi vino tinto cuerpo medio 3 l / 101.4 oz,3448.75,3000.0,17,Vino tinto,1
casal garcía vino blanco vinho verde 750 ml,7995.0,750.0,14,Vino blanco,0
casal mendes vino verde 750 ml / 25.4 oz,5495.0,750.0,17,Vino blanco,0
catena vista flores vino tinto malbec 750 ml,12995.0,750.0,17,Vino tinto,0
champagne veuve clicquot brut - 750 ml,41370.0,750.0,4,Vinos general,0
clos de pirque vino blanco 3 unidades / 1 l,1698.75,3000.0,17,Vino blanco,1
clos de pirque vino tinto cabernet sauvignon 3 unidades / 1 l,1698.75,3000.0,17,Vino tinto,1
cune vino tinto crianza rioja 750 ml / 25.36 oz,8795.0,750.0,17,Vino tinto,0
dibon vino rosado sin alcohol 750 ml / 25.3 oz,7795.0,750.0,2,Vino rosado,0
douce nature vino tinto pinot noir orgánico 750 ml / 25.36 oz,7670.0,750.0,16,Vino tinto,0
el coto crianza rioja vino tinto tempranillo 750 ml,9795.0,750.0,17,Vino tinto,0
faustino rivero ulecia set vinos rioja 3 unidades / 750 ml,6931.67,2250.0,17,Vino tinto,1
felino vino tinto malbec 750 ml,7470.0,750.0,4,Vino tinto,0
finca las moras botella de vino tinto malbec suave al paladar 750 ml / 25.4 oz,5495.0,750.0,17,Vino tinto,0
frontera cabernet sauvignon 750ml,5930.0,750.0,31,Frontera,0
frontera concha & toro vino blanco sauvignon blanc semi 1.5 l,3897.5,1500.0,17,Vino blanco,1
frontera frutal pink paradise 750ml,4400.0,750.0,25,Vino rosado,0
frontera merlot vino tinto chileno botella de 1.5 l / 51 oz,3647.5,1500.0,17,Vino tinto,1
gato negro cabernet sauvignon vino tinto 1.5 l / 51 oz,3397.5,1500.0,4,Vino tinto,1
gemma di luna pinot grigio vino blanco 750 ml,9495.0,750.0,10,Vino blanco,0
hacienda lópez de haro vino crianza 750 ml,8795.0,750.0,17,Vino tinto,0
j lohr cabernet sauvignon vino tinto 750 ml,18970.0,750.0,4,Vino tinto,0
las moras pinot grigio vino blanco botella de 750 ml / 25.4 oz,5495.0,750.0,17,Vino blanco,0
legado muñoz vino tinto tempranillo 750 ml / 25.4 oz,4795.0,750.0,17,Vino tinto,0
les jamelles vino rosado francés 750 ml / 25.36 oz,8795.0,750.0,17,Vino rosado,0
loma negra chardonnay classic vino blanco 750 ml / 25.4 oz,2395.0,750.0,17,Vino blanco,1
loma negra vino tinto merlot 750 ml / 25.4 oz,2395.0,750.0,17,Vino tinto,1
los vascos vino blanco sauvignon blanc 750 ml / 25.36 oz,10495.0,750.0,17,Vino blanco,0
m. chapoutier vino tinto côtes du rhône 750 ml / 25.36 oz,10495.0,750.0,17,Vino tinto,0
manischewitz concord grape vino tinto 750 ml / 25.36 oz,5495.0,750.0,17,Vino tinto,0
mantrús crianza vino tinto 750 ml / 25.36 oz,3770.0,750.0,16,Vino tinto,0
mantrús reserva vino tinto ribera del duero 750 ml / 25.36 oz,4995.0,750.0,16,Vino tinto,0
marques caceres crianza vino tinto 750 ml / 25.4 oz,10995.0,750.0,17,Vino tinto,0
marqués de riscal vino blanco 750 ml,7995.0,750.0,17,Vino blanco,0
marqués de riscal vino tinto rioja reserva 750 ml,15995.0,750.0,17,Vino tinto,0
martinez alesanco rioja crianza vino tinto 750 ml / 25.36 oz,5495.0,750.0,1,Vino tinto,0
martinez alesanco rioja reserva vino tinto 750 ml / 25.36 oz,6495.0,750.0,1,Vino tinto,0
mateus the original vino rosado espumoso portugués 1 l,5846.25,1000.0,15,Vino rosado,0
misiones de rengo vino tinto cabernet sauvignon 750 ml / 25.36 oz,5995.0,750.0,16,Vino tinto,0
montecillo rioja crianza vino tinto 750 ml,9470.0,750.0,15,Vino tinto,0
montepulciano vino tinto de frutos rojos 1.5 l / 51 oz,4397.5,1500.0,17,Vino tinto,1
montes limited selection vino cabernet sauvignon camenère 750 ml / 25.3 oz,10495.0,750.0,16,Vino tinto,0
montes vino rosado cherub 750 ml / 25.36 oz,9195.0,750.0,4,Vino rosado,0
muga vino tinto español el anden de la estación 750 ml,15495.0,750.0,17,Vino tinto,0
navarro col. privada chardonnay 750 ml,10300.0,750.0,14,Vino blanco,0
navarro colección privada vero faraone malbec - 750ml,11630.0,750.0,8,Vino tinto,0
navarro correas vino tinto malbec 2 unidades / 750 ml,8147.5,1500.0,4,Vino tinto,0
pack jp chenet rosé dry vino espumoso 750 ml + chocolate vizzio 70 g,6370.0,750.0,14,Vino rosado,0
pasqua 11 minutes vino rosado 750 ml,13995.0,750.0,17,Vino rosado,0
pasqua vino blanco pinot grigio 750 ml / 25.36 oz,7795.0,750.0,5,Vino blanco,0
pasqua zin primitivo vino tinto 750 ml,11995.0,750.0,16,Vino tinto,0
portia roble tempranillo vino tinto 750 ml,10995.0,750.0,17,Vino tinto,0
protocolo vino blanco español 750 ml,3970.0,750.0,5,Vino blanco,0
protos verdejo vino blanco 750 ml,7495.0,750.0,14,Vino blanco,0
pulenta estate malbec vino tinto 750 ml,20995.0,750.0,16,Vino tinto,0
pulpo albariño vino blanco 750 ml,11795.0,750.0,17,Vino blanco,0
ramon bilbao vino tinto crianza 750 ml,11495.0,750.0,17,Vino tinto,0
ramón bilbao vino rosado 750 ml / 25.36 oz,7495.0,750.0,1,Vino rosado,0
real compañia vino tinto tempranillo botella de 750 ml / 25.4 oz,4995.0,750.0,17,Vino tinto,0
reguta vino prosecco extra seco italiano 750 ml / 25.36 oz,3795.0,750.0,4,Vino blanco,0
rioja próximo tempranillo vino tinto 750 ml / 25.4 oz,5795.0,750.0,17,Vino tinto,0
ruffino vino tinto chianti classico 750 ml / 25.36 oz,8495.0,750.0,17,Vino tinto,0
sandara sparkling vino rosado botella de 750 ml / 25.4 oz,5795.0,750.0,4,Vino rosado,0
santa margherita vino blanco pinot grigio 750 ml / 25.36 oz,15495.0,750.0,17,Vino blanco,0
santa rita 120 carmenere vino tinto 750 ml,6495.0,750.0,16,Vino tinto,0
santa rita 120 reserva especial vino tinto 4 unidades / 187.5 ml / 6.3 oz,7495.0,750.0,17,Vino tinto,0
soupçon de fruit rosé d'anjou botella de vino rosado 750 ml / 25.4 oz,7795.0,750.0,17,Vino rosado,0
taanug vino rosado francés aroma a fresas 750 ml,8795.0,750.0,16,Vino rosado,0
the beach by whispering angel vino rosado francés 750 ml,12470.0,750.0,17,Vino rosado,0
torresella pinot grigio delle venezie vino blanco 750 ml,9995.0,750.0,2,Vino blanco,0
trapiche reserva vino tinto malbec 2 unidades / 750 ml / 25.36 oz + kit parrillero,5597.5,1500.0,4,Vino tinto,1
twin view estates cabernet sauvignon vino tinto 1.5 l,3397.5,1500.0,17,Vino tinto,1
vino 19 crimes red blend - 750 ml,11170.0,750.0,2,Vinos general,0
vino 19 crimes red blend - 750 ml vendido por walmart patrocinado,8800.0,750.0,2,Vinos general,0
vino adobe chardonnay orgánico -375 ml,6500.0,375.0,17,Vino blanco,0
vino adobe chardonnay orgánico -375 ml patrocinado,5200.0,375.0,14,Vino blanco,0
vino astica malbec botella - 750 ml,4740.0,750.0,2,Vino tinto,0
vino bco sta julia dulc chenin 750mlx6,4500.0,750.0,4,Vinos general,0
vino beringer zinfandel rosado - 750ml,6300.0,750.0,11,Vinos general,0
vino blanco blue nun authentic white- 750ml,6830.0,750.0,12,Vino blanco,0
vino blanco blue nun authentic white- 750ml patrocinado,2530.0,750.0,9,Vino blanco,1
vino blanco carmen frida sauvignon blanc – 750 ml,7040.0,750.0,14,Vino blanco,0
vino blanco casillero del diablo reserve sauvignon blanc - 750ml,8800.0,750.0,4,Vinos general,0
vino blanco casillero del diablo reserve sauvignon blanc - 750ml vendido por walmart,13780.0,750.0,4,Vinos general,0
vino blanco fantini terre siciliante pinot grigio - 750 ml,6110.0,750.0,12,Vino blanco,0
vino blanco fantini terre siciliante pinot grigio - 750 ml patrocinado,5600.0,750.0,9,Vino blanco,0
vino blanco frontera chardonnay viñedo protegido por la naturaleza - 750 ml,6070.0,750.0,21,Frontera,0
vino blanco frontera chardonnay viñedo protegido por la naturaleza - 750 ml patrocinado,5770.0,750.0,14,Frontera,0
vino blanco frontera sauvignon blanc - 1500 ml,4560.0,1500.0,17,Frontera,1
vino blanco frontera spritzer chardonnay eldelflower - 750 ml,5910.0,750.0,18,Vino blanco,0
vino blanco frontera spritzer chardonnay eldelflower - 750 ml patrocinado,6070.0,750.0,14,Frontera,0
vino blanco la linda sweet viognier – 750 ml,8380.0,750.0,9,Vino blanco,0
vino blanco marques de riscal verdejo - 750 ml,9930.0,750.0,10,Vino tinto,0
vino blanco pasqua pinot grigio -1500ml,5780.0,1500.0,17,Vino blanco,1
vino blanco pata negra rueda verdejo - 750 ml,7080.0,750.0,4,Vino blanco,0
vino blanco protos verdejo criado sobre lias finas - 750 ml,8310.0,750.0,17,Vino blanco,0
vino blanco protos verdejo criado sobre lias finas - 750 ml patrocinado,6830.0,750.0,14,Vino blanco,0
vino blanco tarapacá pinot grigio - 750 ml,5210.0,750.0,15,Vino blanco,0
vino blanco teber dulce - 750ml,3950.0,750.0,5,Vino blanco,0
vino blanco trapiche pinot grigio -750ml,5480.0,750.0,18,Vino tinto,0
vino blanco trapiche pinot grigio -750ml vendido por walmart,6030.0,750.0,4,Vinos general,0
vino blanco trivento malbec reserva 2022 - 750 ml,8960.0,750.0,11,Vino blanco,0
vino casillero del diablo chardonnay - 750ml,8800.0,750.0,8,Vinos general,0
vino casillero del diablo chardonnay - 750ml vendido por walmart patrocinado,7970.0,750.0,8,Vinos general,0
vino casillero del diablo merlot - 750ml,8120.0,750.0,4,Vino tinto,0
vino casillero del diablo phenomenal sauvignon - 750 ml,8660.0,750.0,4,Vino blanco,0
vino cavicchioli lambrusco rosato dulce - 750 ml,5200.0,750.0,12,Vino rosado,0
vino clos de pirque blanco - 1000ml,1867.5,1000.0,17,Vino blanco,1
vino clos de pirque cabernet sauvignon - 1000ml,1725.0,1000.0,17,Vino tinto,1
vino clos de pirque cabernet sauvignon - 1000ml vendido por walmart,2392.5,1000.0,4,Vino tinto,1
vino clos de pirque cabernet sauvignon - 1000ml vendido por walmart patrocinado,2505.0,1000.0,14,Vino tinto,1
vino clos de pirque tinto merlot - 1000ml,1875.0,1000.0,17,Vino tinto,1
vino clos de pirque tinto merlot - 1000ml vendido por walmart,2985.0,1000.0,4,Vino tinto,1
vino clos de pirque tinto merlot - 1000ml vendido por walmart patrocinado,1725.0,1000.0,14,Vino tinto,1
vino clos dp cabernet tinto sauvignon - 2000ml,4680.0,750.0,17,Vino tinto,0
vino clos dp cabernet tinto sauvignon - 2000ml vendido por walmart,10010.0,750.0,4,Vino tinto,0
vino clos dp cabernet tinto sauvignon - 2000ml vendido por walmart patrocinado,11630.0,750.0,11,Vino tinto,0
vino contenda sauvignon blanc - 750 ml,2600.0,750.0,14,Vino blanco,1
vino contenda sauvignon blanc - 750 ml patrocinado,4730.0,750.0,6,Vino blanco,0
vino don simon premium merlot - 1000ml,1815.0,1000.0,9,Vino tinto,1
vino don simón premium selección chardonnay - 1000 ml,1897.5,1000.0,17,Vino blanco,1
vino don simón premium selección chardonnay - 1000 ml patrocinado,4582.5,1000.0,14,Vino blanco,0
vino don símon tinto de mesa - 1000ml,1620.0,1000.0,5,Vinos general,1
vino don símon tinto de mesa - 1000ml vendido por walmart patrocinado,8362.5,1000.0,5,Vinos general,0
vino dulce rosado st. helena – 750 ml,5220.0,750.0,14,Vino rosado,0
vino espumoso calvet celebration brut rosé - 750 ml,8890.0,750.0,9,Vinos general,0
vino espumoso undurraga brut 750 ml,5970.0,750.0,9,Vinos general,0
vino espumoso undurraga brut 750 ml vendido por walmart patrocinado,13960.0,750.0,6,Vinos general,0
vino familia pasqua passimento - 750 ml,12144.0,750.0,4,Vinos general,0
vino familia pasqua passimento - 750 ml vendido por walmart,9300.0,750.0,4,Vinos general,0
vino fantini montepulciano d abruzzo 1500ml,10010.0,750.0,13,Vino tinto,0
vino fantini montepulciano d abruzzo 1500ml vendido por walmart,9766.0,750.0,4,Vino tinto,0
vino fantini montepulciano d abruzzo 1500ml vendido por walmart patrocinado,5420.0,750.0,2,Vino tinto,0
vino freixenet cordon negro brut- 750ml,9900.0,750.0,1,Vino blanco,0
vino freixenet espumosa prosecco -750 ml,12830.0,750.0,4,Vinos general,0
vino frontera blanco sauvignon concha y toro - 750 ml,6070.0,750.0,17,Frontera,0
vino frontera blanco sauvignon concha y toro - 750 ml patrocinado,5930.0,750.0,14,Frontera,0
vino frontera chardonnay - 1500ml,8940.0,750.0,17,Frontera,0
vino frontera concha y toro merlot - 750ml,5930.0,750.0,17,Frontera,0
vino frontera concha y toro merlot - 750ml patrocinado,9380.0,750.0,14,Frontera,0
vino frontera frutal tinto de verano manzana naranja - 750 ml,4400.0,750.0,21,Vino tinto,0
vino frontera frutal tinto de verano manzana naranja - 750 ml vendido por walmart patrocinado,6675.0,750.0,4,Vino tinto,0
vino frontera frutal tropical mango maracuyá - 750 ml,4400.0,750.0,25,Frontera,0
vino frontera frutal tropical mango maracuyá - 750 ml vendido por walmart,8800.0,750.0,4,Vinos general,0
vino frontera merlot -1500 ml,3750.0,1500.0,34,Frontera,1
vino frontera merlot -1500 ml patrocinado,2965.0,1500.0,14,Frontera,1
vino frontera merlot -1500 ml vendido por walmart,2450.0,1500.0,4,Vino tinto,1
vino frontera merlot -1500 ml vendido por walmart patrocinado,2915.0,1500.0,14,Vino tinto,1
vino frontera rosado concha y toro chile - 750 ml,5770.0,750.0,18,Vino rosado,0
vino frontera rosado concha y toro chile - 750 ml patrocinado,7500.0,750.0,14,Frontera,0
vino frontera tinto concha y toro cabernet - 1500 ml,4690.0,1500.0,17,Frontera,1
vino im your organic rosé - 750 ml,5840.0,750.0,7,Vino rosado,0
vino i’m your organic blanco viura -750 ml,5790.0,750.0,4,Vinos general,0
vino i’m your organic blanco viura -750 ml vendido por walmart patrocinado,5480.0,750.0,4,Vinos general,0
vino la linda old vines malbec - 750 ml,9380.0,750.0,4,Vinos general,0
vino laudum chardonnay - 750 ml,9200.0,750.0,17,Vino rosado,0
vino laudum chardonnay - 750 ml patrocinado,9810.0,750.0,1,Vino rosado,0
vino laudum monastrell - 750 ml,8280.0,750.0,4,Vino rosado,0
vino laudum rosado - 750 ml,8280.0,750.0,4,Vino rosado,0
vino les jamelles chardonay - 750ml,15380.0,750.0,4,Vino blanco,0
vino les jamelles petite rosado - 750 ml,9810.0,750.0,21,Vino rosado,0
vino les jamelles petite rosado - 750 ml patrocinado,9200.0,750.0,2,Vino rosado,0
vino les jamelles petite rosado - 750 ml vendido por walmart,6920.0,750.0,4,Vinos general,0
vino luigi bosca de sangre - 750 ml,16600.0,750.0,17,Vino blanco,0
vino làudum barrica - 750 ml,11200.0,750.0,17,Vino rosado,0
vino làudum gran reserva - 750 ml,12700.0,750.0,17,Vino rosado,0
vino làudum gran reserva - 750 ml patrocinado,9810.0,750.0,2,Vino rosado,0
vino làudum reserva - 750 ml,10080.0,750.0,6,Vino rosado,0
vino maipo blanco chardonnay -1.5 l,3750.0,1500.0,17,Vino blanco,1
vino maipo sauvignon blanco clasic series -750 ml,3380.0,750.0,14,Vino blanco,0
vino maipo sauvignon blanco clasic series -750 ml patrocinado,8020.0,750.0,14,Vino blanco,0
vino marina alta blanco 00 - 750 ml,8600.0,750.0,14,Vino blanco,0
vino marques de caceres blanco 750ml,8020.0,750.0,18,Vino blanco,0
vino marques de caceres blanco 750ml patrocinado,4900.0,750.0,14,Vino blanco,0
vino marques de caceres blanco 750ml vendido por walmart patrocinado,8800.0,750.0,4,Vinos general,0
vino marques de caceres rosado rioja - 750ml,8810.0,750.0,17,Vino rosado,0
vino marques de caceres rosado rioja - 750ml patrocinado,5770.0,750.0,14,Vino rosado,0
vino marquez de riscal reserva rioja - 750 ml,13775.0,750.0,4,Vinos general,0
vino misiones rengo cabernet 750 ml,4740.0,750.0,8,Vinos general,0
vino misiones rengo cabernet 750 ml vendido por walmart patrocinado,7970.0,750.0,8,Vinos general,0
vino mr wild chardonnay 750 ml,11150.0,750.0,8,Vinos general,0
vino mr wild chardonnay 750 ml vendido por walmart patrocinado,7970.0,750.0,1,Vinos general,0
vino mr wild org rose 750 ml,11180.0,750.0,13,Vino rosado,0
vino mr wild org rose 750 ml patrocinado,5220.0,750.0,10,Vino rosado,0
vino orgánico adobe cabernet sauvignon - 375 ml,6500.0,375.0,14,Vino tinto,0
vino orgánico adobe merlot – 375 ml,6500.0,375.0,12,Vinos general,0
vino orgánico adobe merlot – 375 ml vendido por walmart patrocinado,11600.0,375.0,11,Vinos general,0
vino orgánico adobe rosé – 375 ml,6500.0,375.0,14,Vino rosado,0
vino orgánico adobe rosé – 375 ml patrocinado,22360.0,375.0,14,Vino rosado,0
vino pata negra valdepenas crianza - 750 ml,5670.0,750.0,17,Vinos general,0
vino pata negra valdepenas crianza - 750 ml vendido por walmart patrocinado,8000.0,750.0,4,Vinos general,0
vino peter brum liebfraulmil blan - 750ml,5600.0,750.0,17,Vino blanco,0
vino peter brum liebfraulmil blan - 750ml patrocinado,3380.0,750.0,14,Vino blanco,0
vino planeta la segreta bianco - 750 ml,14300.0,750.0,14,Vino rosado,0
vino riunite blanco melocotón - 750 ml,4300.0,750.0,10,Vinos general,0
vino riunite vibrante lambrusc grap - 750 ml,8640.0,750.0,1,Vinos general,0
"vino rosado b & g cotes de provence, 2 pack -750 ml vendido por walmart patrocinado",5120.0,750.0,1,Vinos general,0
"vino rosado b &amp; g cotes de provence, 2 pack -750 ml",20760.0,750.0,14,Vinos general,0
vino rosado canti prosecco - 750 ml,10810.0,750.0,17,Vino rosado,0
vino rosado cono sur bicicleta pinot noir - 750 ml,8250.0,750.0,6,Vino rosado,0
vino rosado cune bailarina 750mlx6,8670.0,750.0,13,Vino rosado,0
vino rosado dark horse pinot noir - 750 ml,11200.0,750.0,4,Vino rosado,0
"vino rosado freixenet, ice rose -750 ml",10000.0,750.0,4,Vino rosado,0
"vino rosado freixenet, ice rose -750 ml patrocinado",9810.0,750.0,1,Vino rosado,0
vino rosado frontera gently bubbly spritzer roses -750 ml,5770.0,750.0,21,Vino rosado,0
vino rosado frontera gently bubbly spritzer roses -750 ml patrocinado,6070.0,750.0,28,Frontera,0
vino rosado ijalba rioja eco -750ml,9790.0,750.0,16,Vino rosado,0
vino rosado ijalba rioja eco -750ml patrocinado,9810.0,750.0,8,Vino rosado,0
vino rosado trapiche vineyards argentino - 750 ml,5640.0,750.0,17,Vino rosado,0
vino rosado trapiche vino trapiche malbec 3x 2250 ml,4100.0,2250.0,7,Vino rosado,1
vino rosado trapiche vino trapiche malbec 3x 2250 ml patrocinado,3263.33,2250.0,6,Vino rosado,1
vino rose carnivor apothic - 750 ml,14590.0,750.0,17,Vino rosado,0
vino rose carnivor apothic - 750 ml patrocinado,9790.0,750.0,13,Vino rosado,0
vino ruffino blanco orvieto - 750ml,7743.0,750.0,4,Vino blanco,0
vino santa carolina chardonay botella - 750 ml,4100.0,750.0,10,Vino blanco,0
vino santa carolina reservado botella - 750 ml,3820.0,750.0,1,Vinos general,0
vino santa cecilia merlot - 1500 ml,3680.0,1500.0,2,Vino tinto,1
vino santa cecilia tinto cabernet sauvignon -750 ml,3870.0,750.0,14,Vino tinto,0
vino soupcon de fruit rose d&apos;anjou 2020 - 750 ml,8020.0,750.0,17,Vino rosado,0
vino soupcon de fruit rose d'anjou 2020 - 750 ml,5770.0,750.0,4,Vino rosado,0
vino soupcon de fruit rose d'anjou 2020 - 750 ml patrocinado,4900.0,750.0,14,Vino rosado,0
vino spritz ice giacobazzi - 750 ml,5950.0,750.0,7,Vino rosado,0
vino sta rita 3 med bco sauvig 750 ml,4730.0,750.0,14,Vino blanco,0
vino sta rita 3 med bco sauvig 750 ml patrocinado,7040.0,750.0,4,Vino blanco,0
vino tarapacá tinto merlot - 750 ml,5670.0,750.0,10,Vinos general,0
vino tinto albali pinot grigio -750ml,4820.0,750.0,5,Vinos general,0
vino tinto byg merlot reserve - 750ml,9000.0,750.0,9,Vinos general,0
vino tinto cal y canto red blend - 750 ml,6061.0,750.0,5,Vino tinto,0
vino tinto casillero del diablo red blend - 750 ml,6570.0,750.0,1,Vinos general,0
vino tinto catena malbec - 750 ml,13780.0,750.0,4,Vinos general,0
vino tinto catena malbec - 750 ml vendido por walmart,5480.0,750.0,4,Vinos general,0
vino tinto contenda merlot - 750 ml,2580.0,750.0,17,Vino tinto,1
vino tinto contenda merlot - 750 ml vendido por walmart,1980.0,750.0,4,Vino tinto,1
vino tinto contenda merlot - 750 ml vendido por walmart patrocinado,7500.0,750.0,14,Vino tinto,0
vino tinto dadá finca las moras - 750 ml,9082.0,750.0,4,Vino tinto,0
vino tinto don simón premium cabernet - 1 l,1942.5,1000.0,7,Vino tinto,1
vino tinto don simón tempranillo -750 ml,1980.0,750.0,15,Vino tinto,1
vino tinto don simón tempranillo -750 ml vendido por walmart,7500.0,750.0,4,Vino tinto,0
vino tinto don simón tempranillo -750 ml vendido por walmart patrocinado,2580.0,750.0,12,Vino tinto,1
vino tinto fantini sangiovese - 750ml,5190.0,750.0,6,Vinos general,0
vino tinto fantini sangiovese - 750ml vendido por walmart,13960.0,750.0,4,Vinos general,0
vino tinto fantini trebbiano d abruzzo -750ml,6110.0,750.0,16,Vino blanco,0
vino tinto finca las moras malbec con 13.5% vol - 750 ml,5830.0,750.0,12,Vino tinto,0
vino tinto finca las moras malbec con 13.5% vol - 750 ml vendido por walmart patrocinado,4680.0,750.0,7,Vino tinto,0
vino tinto frontera carmenere viñedo protegido por la naturaleza - 750 ml,5930.0,750.0,17,Frontera,0
vino tinto frontera carmenere viñedo protegido por la naturaleza - 750 ml patrocinado,5770.0,750.0,14,Frontera,0
vino tinto luigi bosca cabernet sauvignon 2020 - 750 ml,11500.0,750.0,5,Vinos general,0
vino tinto luigi bosca cabernet sauvignon 2020 - 750 ml vendido por walmart patrocinado,5670.0,750.0,1,Vinos general,0
vino tinto luigi bosca malbec - 750 ml,11500.0,750.0,18,Vino tinto,0
vino tinto manischewitz de uva botella de vidrio - 750 ml,5168.0,750.0,4,Vinos general,0
vino tinto misiones rengo reserva carmenere - 750 ml,7410.0,750.0,3,Vinos general,0
vino tinto pinord - 1500ml,4250.0,1500.0,1,Vino tinto,1
vino tinto protos roble botella - 750 ml,12140.0,750.0,11,Vinos general,0
vino tinto robert mondavi mondavi cabernet sauvignon - 750 ml,13960.0,750.0,17,Vinos general,0
vino tinto robert mondavi mondavi cabernet sauvignon - 750 ml vendido por walmart,15180.0,750.0,4,Vinos general,0
vino tinto robert mondavi mondavi cabernet sauvignon - 750 ml vendido por walmart patrocinado,5000.0,750.0,6,Vinos general,0
vino tinto san telmo malbec botella - 750 ml,6100.0,750.0,4,Vino tinto,0
vino tinto santa carolina cabernet sauvignon -1500 ml,3558.75,1500.0,8,Vinos general,1
vino tinto santa cecilia cabernet sauvignon – 1500 ml,3680.0,1500.0,14,Vinos general,1
vino tinto santa cecilia cabernet sauvignon – 1500 ml vendido por walmart patrocinado,6525.0,1500.0,5,Vinos general,1
vino tinto santa rita 120 carmenere - 750ml,7970.0,750.0,10,Vinos general,0
vino tinto santa rita 120 carmenere - 750ml vendido por walmart patrocinado,5200.0,750.0,9,Vinos general,0
vino tinto teber dulce - 750ml,3830.0,750.0,13,Vino tinto,0
vino tinto torres ramon bilbao crianza - 750ml,10280.0,750.0,10,Vino tinto,0
vino tinto torres ramon bilbao crianza - 750ml vendido por walmart,6100.0,750.0,4,Vino tinto,0
vino tinto trapiche merlot - 750 ml,6030.0,750.0,4,Vinos general,0
vino tinto trapiche merlot - 750 ml vendido por walmart,9810.0,750.0,4,Vinos general,0
vino tinto trapiche vineyards malbec - 750 ml,5000.0,750.0,12,Vinos general,0
vino tinto trapiche vineyards malbec - 750 ml vendido por walmart patrocinado,5670.0,750.0,6,Vinos general,0
vino tinto trapiche vineyards malbec 3 pack - 2250 ml,4100.0,2250.0,5,Vino rosado,1
vino tinto trapiche vineyards malbec 3 pack - 2250 ml patrocinado,1740.0,2250.0,5,Vino rosado,1
vino tinto undurraga cabernet - 750 ml,5120.0,750.0,14,Vinos general,0
vino tinto álamos malbec - 750 ml,8170.0,750.0,9,Vino tinto,0
vino toro bravo verdejo sauvignon blanco - 750 ml,5000.0,750.0,4,Vinos general,0
vino torres celeste roble tinto - 750 ml,10000.0,750.0,14,Vinos general,0
vino torres celeste roble tinto - 750 ml vendido por walmart patrocinado,6970.0,750.0,12,Vinos general,0
vino trivento reserva malbec rosado - 750 ml,8730.0,750.0,15,Vino rosado,0
vino twin view cabernet 750ml,5000.0,750.0,4,Vino blanco,0
vino undurraga tinto merlot -750 ml,4240.0,750.0,13,Vinos general,0
vino viña maipo clasic series merlot - 750 ml,3340.0,750.0,17,Vino tinto,0
vino viña maipo clasic series merlot - 750 ml vendido por walmart,3070.0,750.0,4,Vino tinto,0
vino viña maipo clasic series merlot - 750 ml vendido por walmart patrocinado,1980.0,750.0,14,Vino tinto,1
vino viña maipo classic series cabernet sauvignon -750 ml,3340.0,750.0,17,Vino tinto,0
vino viña maipo classic series cabernet sauvignon -750 ml vendido por walmart patrocinado,10010.0,750.0,2,Vino tinto,0
vino viña maipo varietal merlot 1.5l,3750.0,1500.0,16,Vino tinto,1
vino viñas del tango malbec - 1125 ml,5333.33,1125.0,14,Vinos general,0
vino viñas del tango malbec - 1125 ml vendido por walmart patrocinado,13840.0,1125.0,4,Vinos general,0
"vinos sub-categoría vino tinto vino blanco vino rosado departamento cervezas, vinos y licores rebaja exclusiva en línea rangos de precio",4200.0,750.0,17,Frontera,0
viña alberdi vino tinto tempranillo crianza 750 ml / 25.36 oz,14970.0,750.0,4,Vino tinto,0
viña esmeralda vino rosado español aroma frutal 750 ml,3970.0,750.0,17,Vino rosado,0
woodbridge vino rosado zinfandel 750 ml,5995.0,750.0,7,Vino rosado,0
woodbridge vino rosado zinfandel blanco 750 ml / 25.36 oz,5995.0,750.0,7,Vino rosado,0
zuccardi q vino tinto malbec 750 ml,14970.0,750.0,4,Vino tinto,0
